Title,Group Offers?,Description,main_title,CE Course URL,main_url,description
Dentist's Advantage,Unknown,An educational webinar presentation highlighting common dental license complaints made to the State Board of Dentistry.,Dental Malpractice Insurance for Dentists | Dentist's Advantage,https://www.dentists-advantage.com/Prevention-Education/Online-CE-Courses/Online-Dental-Education-Courses,www.dentists-advantage.com,The presentation will highlight common dental license complaints seen in the Dentist's Advantage/CNA program made to the State Board of Dentistry. This session ...
VCU School of Dentistry,True,Virginia Commonwealth University School of Dentistry offers VA State dental board approved CE courses for dentists and dental hygienists.,Continuing Education - School of Dentistry | School of Dentistry | CE Learning Center | Virginia Commonwealth University,https://ce.dentistry.vcu.edu/,ce.dentistry.vcu.edu,"Dentist cleaning a child's teeth. Start learning today, register for CE. The VCU School of Dentistry produces VA State dental board approved CE courses in a ..."
UIC,True,University of Illinois Chicago College of Dentistry offers CE courses for dentists and dental hygienists.,College of Dentistry | University of Illinois Chicago,https://dentistry.uic.edu/continuing-education/,dentistry.uic.edu,Continuing education courses for dental professionals Heading link. Copy link. dentists working on patient. The UIC College of Dentistry provides both live and ...
Concord Seminars,True,Provides high quality dental continuing education courses for dentists and dental hygienists.,Dental Continuing Education | Live CE Webinars| CE Seminars | Concord Seminars,https://www.concordseminars.com/,www.concordseminars.com,"We are driven to provide the industry's highest quality dental seminar experience. · Our courses cover the entire spectrum of subjects that benefit dentists, ..."
HuFriedyGroup,True,Dental continuing education courses available for free through live hands-on programs and live/on demand webinars.,HuFriedyGroup - The Best in Practice,https://www.hufriedygroup.com/education/continuing-education-classes,www.hufriedygroup.com,Hu-Friedy is proud to offer dental professionals free continuing education courses through live hands-on programs and both live and on demand webinars.
Florida Dental,True,Provides dental continuing education courses to meet the requirement for dentists in Florida to complete 30 credit hours of approved continuing education.  2. ADA CE,Florida Dental | American Dental Association,https://www.floridadental.org/convention-ce/continuing-education/online-ce,www.floridadental.org,Online CE. Florida dentists are required to complete a minimum of 30 credit hours of approved continuing education in dental-related subjects each biennium.
CE Zoom,True,Organize and track dental CE courses to properly treat patients.,CE Zoom | Organize and Track your Continuing Education,https://www.cezoom.com/courses/,www.cezoom.com,"Nov 5, 2022 — Dental Continuing Education Courses ... Use our search tools to find the dentist continuing education courses you need to properly treat patients ..."
"UIC|True|College of Dentistry at the University of Illinois Chicago, offering CE courses for dentists and dental hygienists.","2. PTC|False|Provider of professional technical and vocational training, with no offerings specifically for dental continuing education courses.",,Homepage | School of Dental Medicine,https://dental.tufts.edu/continuing-education,dental.tufts.edu,This 40-day (8-week) program is designed for dentists interested in furthering their knowledge of dentistry in a specific field of interest. The objective of ...
Alabama Board of Dental Examiners , Unknown* ," State agency regulating dentistry in Alabama, responsible for setting and enforcing standards for the profession.   *Unknown as CE requirements are not directly related to the agency.",Board of Dental Examiners of Alabama,https://dentalboard.org/professionals/continuing-education/,dentalboard.org,How many CEs are required for a Dentist? · Dentists are required to have 20 hrs of CEs yearly · Up to 10 hours can be online/journals/publications · CPR and ...
DHBC , Unknown , California state licensing board that administers laws and regulations related to dental hygienists and provides license renewal through mandatory courses.,Dental Hygiene Board of California,https://www.dhbc.ca.gov/licensees/cont_ed.shtml,www.dhbc.ca.gov,What are the mandatory courses for license renewal? · 2 CEUs of Infection Control. Title 16 CCR §1017(a)(1) · 2 CEUs of the California Dental Practice Act. Title ...
UofU Dentistry , Unknown , School of Dentistry at the University of Utah committed to providing lifelong learning experiences for dental professionals.,School of Dentistry | University of Utah,https://dentistry.utah.edu/education/continuing-education,dentistry.utah.edu,The School of Dentistry is committed to provide lifelong learning experiences for all dental professionals seeking to enhance their competency and knowledge in ...
U of M SOD , Unknown , University of Minnesota School of Dentistry offering an event with insights into digital dentistry at Big Sky Resort.,University of Minnesota School of Dentistry,https://dentistry.umn.edu/continuing-dental-education/courses-0,dentistry.umn.edu,Transform your dental practice with the latest insights in digital dentistry while embarking on an epic ski adventure at Big Sky Resort over President's Day ...
Texas State Board of Dental Examiners , Unknown , Regulator of dentists in Texas that sets requirements for biennial licensing renewal.  2. UIC ,Texas State Board of Dental Examiners,https://tsbde.texas.gov/licensing/dentists/dentist-continuing-education/,tsbde.texas.gov,"Effective January 1, 2021, a licensed dentist whose practice includes direct patient care must complete at least four (4) CE hours for each biennial renewal, ..."
Dentistry Seattle WA , Unknown ," Professionally accredited dental school in Seattle, WA providing comprehensive educational and clinical experience to set up students for successful careers in dentistry.",Dentistry Seattle WA - Dentists Seattle WA - Dental School Seattle WA -,https://dental.washington.edu/continuing-dental-education/,dental.washington.edu,"This course is part of the Association for Continuing Dental Education Joint Live Webinar Series. Sat, Nov 4, 2023, Oral Surgery Update for the General Dentist ..."
DNOA , Unknown , Dental Network of America provides a CE library exclusively by Procter & Gamble's Crest for dentists and dental hygienists.,Dental Network of America,https://www.dnoa.com/join-network/cecourse,www.dnoa.com,Network dentists may choose from more than 100 free continuing dental education courses—a CE library provided exclusively by Procter & Gamble's Crest ...
Office of the Professions , Unknown ," New York State Education Department agency providing information on professional licensing, including CE requirements for Dentists and Dental Hygienists.",Office of the Professions | Office of the Professions,https://www.op.nysed.gov/professions/dentists/continuing-education-q-a,www.op.nysed.gov,"Aug 31, 2020 — Questions and Answers for Dentists and Dental Hygienists. General Information. The continuing education requirement for dentists will be ..."
MDA , Unknown ," Organization providing resources and assistance to the Michigan dental community, offering surveys and research on the effects of dental insurance on dental practices.",Michigan Dental Association - Home,https://www.michigandental.org/ce-courses/,www.michigandental.org,Survey the reimbursement landscape and its effect on dentistry. Measure and analyze the role of dental insurance in your practice. Discover sound strategies and ...
Wa State Dept. of Health , Unknown , Regulatory board providing permits and certification for licensed dentists.,| Washington State Department of Health,https://doh.wa.gov/licenses-permits-and-certificates/professions-new-renew-or-update/dentist/continuing-education,doh.wa.gov,"Summary of continuing education required for licensed dentists ; General anesthesia permit, 18 hours ; Dentist suicide prevention education ; Dentist opioid ..."
Home | Dental Zing , Unknown , Online CE course bundles and individual courses for dentists and dental hygienists.,Home | Dental Zing On-Demand Continuing Education,https://dentalzing.com/all-courses/,dentalzing.com,Popular Dental CE Course Bundles · Introduction to Dental Coding and Administration Series(4.0 CE) · Advanced Dental Billing 7 Course Series.
DPO HOME | Div. of Professions & Occupations , Unknown ," Colorado office that regulates Colorado professional licensing for dentists, dental therapists, and dental hygienists.",DPO HOME | Division of Professions and Occupations,https://dpo.colorado.gov/Dental/CE,dpo.colorado.gov,"Every Dentist, Dental Therapist, and Dental Hygienist, as a condition of renewing, reactivating or reinstating a license must complete at least 30 hours of ..."
Home | Iowa Dental Board , Unknown , State-level organization responsible for regulating the dental professions in Iowa. ,Home | Iowa Dental Board,https://dentalboard.iowa.gov/practitioners/continuing-education-overview,dentalboard.iowa.gov,"A dental science course that includes topics which address the clinical practice of dentistry, dental hygiene, dental assisting and dental public health. b."
Penn Dental Medicine , Unknown , Philadelphia-based dental school offering a commitment to advancing quality and leadership in lifelong learning through their continuing education program.,Penn Dental Medicine,https://www.dental.upenn.edu/continuing-education/,www.dental.upenn.edu,"With a commitment to advancing quality and leadership in lifelong learning, Penn Dental Medicine is reimagining its continuing education program, ..."
NJDA , Unknown ," Professional organization that provides services to dental professionals in New Jersey such as dental clinics, special programs for teachers, and a provider list.",New Jersey Dental Association | American Dental Association,https://www.njda.org/continuing-education-events/event-details,www.njda.org,"Why choose an NJDA Dentist? Dental Clinics & Programs · For Teachers, Homeschoolers & Care Givers · Special Olympics Provider List · Mouth Healthy · Dental ..."
Ok.gov , Unknown , State government site for Oklahoma outlining filing and reporting regulations for dental healthcare professionals.,Oklahoma.gov Home,https://www.ok.gov/dentistry/Continuing_Education/index.html,www.ok.gov,"Failure to report your required CE will result in a $1,000 fine for dentists and a $500 fine for dental hygienists, and you will still be required to make-up ..."
PT Consultation | Collier & Assoc. , Unknown ," Providing practice transitions consultation, with interactive live course Q&A for private practice dentists, veterinarians, and other medical practitioners.","Practice Transitions Consultation | Dental Practice Transitions - Collier & Associates, Inc.",https://www.collieradvisors.com/dental-ce-courses/,www.collieradvisors.com,"When attending live, the courses are interactive, allowing for real-time Q&A with the presenter(s). Thousands of private practice dentists, veterinarians, and ..."
Home Courses , Unknown , Open to dental officers of the Uniformed Services and civilian dentists employed by federal agencies.,Home,https://www.med.navy.mil/Naval-Medical-Leader-and-Professional-Development-Command/Naval-Postgraduate-Dental-School/Continuing-Education/,www.med.navy.mil,Courses are open to dental officers of the Uniformed Services and civilian dentists employed by federal agencies. Non-Federal civilian dentists are no longer ...
ND Dental Board , Unknown ," North Dakota state organization that regulates dentistry, setting requirements for dental licensure renewal.",Welcome - ND Dental Board,https://www.nddentalboard.org/practitioners/CE/index.asp,www.nddentalboard.org,"However, CPR, or BLS or if you are required to have ACLS/PALS, must be maintained at all times. Renewal deadline for all dentists and dental hygienists is ..."
Plans for Individuals and Groups , Unknown ," A healthcare provider that provides independent, personalized strategies to help members manage their oral health.",Plans for individuals and groups | Delta Dental,https://www1.deltadentalins.com/dentists/fyi-online/2022/october-continuing-education-2022.html,www1.deltadentalins.com,"Oct 29, 2022, Nova Southeastern University | College of Dental Medicine, Using Risk Assessment for Treatment Planning In Dentistry (PDF) ; Nov 2022, Columbia ..."
Home Oct 31 , Unknown , Online resource for professionals to find convenient CE courses.,Home,https://www.colgateprofessional.com/hygienist-resources/tools-resources/dental-hygienist-continuing-education-goals,www.colgateprofessional.com,"Oct 31, 2016 — Find Convenient Courses. A good percentage of professionals seek to complete their dental hygienist CE credits at annual dental conferences held ..."
Emory SOM , Unknown ," School of Medicine at Emory University, providing educational experiences relevant to the needs of practicing dentists.",School of Medicine | Emory School of Medicine,https://med.emory.edu/education/cme/cde/index.html,med.emory.edu,CDE will provide educational experiences that are relevant to the needs of the practicing dentist. dental tools in a jacket pocket. Your Courses and ...
CDS.org , Unknown , Chicago Dental Society website with upcoming events and resources for dentists and dental hygienists.,CDS.org | Welcome to the Chicago Dental Society,https://www.cds.org/education/events,www.cds.org,Upcoming Events · New Dentist Night Out · Physical Therapy Tips · Leadership is for Everyone · Oral Cancer · Women In Dentistry – Starting A Practice from Scratch.
Cleveland Dental Institute , Unknown ," An institute providing patient services, including esthetic dentistry courses for practitioners of all levels of experience.",Cleveland Dental Institute | Patient Services | Orthodontist,https://cdiohio.org/continuing-dental-education-course-schedule/,cdiohio.org,"Cleveland Dental Institute is proud to present this didactic course, designed for practitioners in all levels of experience with Esthetic Dentistry. Dozens of ..."
IAGD , Unknown , Illinois Academy of General Dentistry organization offering representation and continued proficiency of general dentists.,Illinois Academy of General Dentistry,https://ilagd.org/events/,ilagd.org,"The purpose of the Academy is to serve the needs, to represent the interests, and to foster the continued proficiency of the general dentist through quality ..."
Home - 300 Hours CE , Unknown ," Provider of CE courses in implant dentistry with lecture, demo, hands-on and interactive sessions.",Home -,https://chicagoimplantinstitute.com/,chicagoimplantinstitute.com,"300 Hours CE · Distinguished leaders in various aspects of Implant Dentistry · Lecture, demonstration, hands-on sessions with cadavers and pig-jaws · Interactive ..."
Peak Performers , Unknown ," Dental staffing solutions and expertise in Dentists, Dental Hygienists/ Assistants, and Office/ Administrative.",Top Dental Staffing Firm | Peak Performers,https://peakperformersinc.com/education-training/,peakperformersinc.com,Contact us today for the best dental staffing solutions! OUR EXPERTISE. Dentists · Dental Hygienists/ Assistants · Office/ Administrative ...
UNLV , Unknown ," University of Nevada, Las Vegas The School of Dental Medicine believes lifelong learning enhances the quality of patient care as well as the personal and professional success of dental professionals.","UNLV | University of Nevada, Las Vegas",https://www.unlv.edu/dental/continuing-ed,www.unlv.edu,The School of Dental Medicine believes lifelong learning enhances the quality of patient care as well as the personal and professional success of dental ...
Delta Dental Foundation , Unknown , A charitable organization affiliated with Delta Dental that may offer programs that award continuing education certificates.,"Delta Dental Foundation | An Affiliate of Delta Dental MI, OH, IN & NC",https://www.deltadental.foundation/ce-courses-seminars,www.deltadental.foundation,"Dentists completing 18 or more of the courses within a three-year period will receive a certificate of completion from Penn Dental Medicine, an ADA CERP ..."
UMSOD , Unknown , University of Michigan School of Dentistry providing a Mini-Residency in Dental Sleep Medicine.,University of Michigan School of Dentistry | University of Michigan School of Dentistry,http://dent.umich.edu/education/continuing-dental-education,dent.umich.edu,Course Overview: The University of Michigan School of Dentistry is offering a Mini-Residency in dental sleep medicine for licensed dentists providing over 100 ...
Delta Dental of Indiana , Unknown , Provider of dental benefits offering a dental visit course for dentists and dental hygienists.,Dental Benefits for Members | Delta Dental of Indiana,https://www.deltadentalin.com/onlineeducation,www.deltadentalin.com,This course will review the need and importance of the age 1 dental visit. A technique will be introduced to help dentists complete the visit in an efficient ...
DASP San Diego , Unknown , School program in San Diego providing dental assistant certifications and dental hygienist programs.,Dental Assistant School and Programs San Diego,https://howardacademy.edu/why-is-continuing-education-important-in-dental-care/,howardacademy.edu,"Jan 22, 2023 — A trip to the dentist can be a nerve-wracking experience for many and continuing education can help dental assistants and hygienists learn what ..."
TDA , Unknown ," Texas Dental Association does not approve nor endorse individual courses or instructors, nor does it imply acceptance of credit hours by boards of dentistry.",Texas Dental Association | American Dental Association,https://www.tda.org/meetings-events/tda-continuing-education,www.tda.org,"ADA CERP does not approve nor endorse individual courses or instructors, nor does it imply acceptance of credit hours by boards of dentistry. TDA designates ..."
404 Error Page , Unknown , Website providing information about CE courses for dentists and dental hygienists.,404 Error Page,https://dental.ohio.gov/continuing-education,dental.ohio.gov,"Feb 7, 2022 — Therefore, you may claim up to ten (10) hours of volunteer CE for dentists and up to six (6) hours of volunteer CE for dental hygienists. "" ..."
Not Acceptable! , Unknown ," Provider of online and mail-order continuing education courses for dental professionals, approved by multiple state boards.",Not Acceptable!,https://www.dynamicdentaled.com/,www.dynamicdentaled.com,We are approved by the Florida Board of Dentistry (#50-557) and the Dental Board of California (#3964). We offer both ONLINE courses and MAIL ORDER courses: For ...
MSDA , True  ," Maryland State Dental Association offering CE courses for dentists, dental hygienists and other professionals.",MSDA | Maryland State Dental Association,https://msda.com/continuing-education/,msda.com,"This course is designed to educate dentists, dental hygienists, dental assistants and others about the problems of child abuse and neglect, domestic violence, ..."
Dentsply Sirona USA , True , Dental products and technologies USA offering CE courses for dentists and dental hygienists.,Dentsply Sirona USA: Dental products and technologies USA,https://www.dentsplysirona.com/en-us/academy/local-pages/dental-ce.html,www.dentsplysirona.com,Implant Dentistry · Dentist/General Provider ; Orthodontics · Endodontic and Orthodontic Specialists ; Endodontics · Dental Assistant ; Preventive · Dental ...
Dentaltown , True , An online platform providing more than 500 online continuing education courses on topics across all aspects of dentistry.,Dentaltown - Where The Dental Community Lives®,https://www.dentaltown.com/onlinece,www.dentaltown.com,Dentaltown.com gives you access to more than 500 online continuing education courses on topics across all aspects of dentistry. Our goal is to give you courses ...
Georgia Dental , True , Georgia Dental Continuing Education organization specializing in providing courses that meet ADA requirements for dentists and hygienists.,Georgia Dental | American Dental Association,https://www.gadental.org/education/required-ce-courses---opioid-leap-sedation,www.gadental.org,Dentists are required to have at least 40 hours of continuing education (for hygienists the requirement is 22) by the end of 2023 in order to renew your ...
Cosmedent , True , Cosmedent offers dental continuing education for cosmetic dentists who want to take their skills to the next level.,Cosmetic Dental Supply & Education Company | Cosmedent,https://www.cosmedent.com/continuing-education/,www.cosmedent.com,Cosmedent offers dental continuing education for cosmetic dentists who want to take their skills to the next level. Click here to learn more.
Course Karma , True , Online platform offering high-quality dental continuing education courses.,Find the Best Dental CE - Course Karma,https://www.coursekarma.com/,www.coursekarma.com,Discover top-rated dental CE courses with Course Karma - your one-stop platform for the best in dental continuing education. Join us today!
AAFEE , True ," AAFEE provides courses, training, and education in facial esthetics for dentists' continuing education and advanced dental education, as well as dental education videos.","#1 Facial Esthetics Training, Courses & Education - AAFE",https://www.facialesthetics.org/patient-info/facial-esthetics/cosmetic-dentistry/continuing-dental-education/,www.facialesthetics.org,We provide dentistry courses for dentist continuing education and other advanced dental education. Besides dental education we provide dental education videos ...
Creighton University , True ," Private, Jesuit university in Omaha, NE offering CE courses for dentists, dental hygienists, and dental assistants.","Creighton University | A private, Jesuit university in Omaha, NE",https://www.creighton.edu/continuing-professional/continuing-education/dentistry,www.creighton.edu,"Earn Dental Continuing Education Credits. We offer the gold standard in continuing education programs for dentists, dental hygienists and dental assistants."
The DALE Foundation , True ," A national dental non-profit organization dedicated to advancing the careers of dental professionals through training, certifications, and continuing education courses.",The Official DANB Affiliate | The DALE Foundation,https://www.dalefoundation.org/courses/dental-CE,www.dalefoundation.org,Understanding CDC's Summary of Infection Prevention Practices in Dental Settings. Implementing infection prevention practices is paramount in dentistry. Expand ...
DCDS , True , District of Columbia Dental Society offers CE courses through an online evaluation system.,District of Columbia Dental Society,https://www.dcdental.org/meetings/ce,www.dcdental.org,"The D.C. Dental Society uses an online evaluation system for all continuing education events. In order to get CE credit, all attendees must complete the ..."
CME/CE Conferences 2023 , True ," One-stop Continuing Education hub for Dentists, Dental Hygienists, and Dental Assistants CE Credits, offering exclusive CE Courses and Conferences.",CME/CE Conferences 2023 | Find Online CME Courses & Onsite Medical Conferences,https://www.emedevents.com/profession/Dentist,www.emedevents.com,"One-stop Continuing Education Hub for Dentists, Dental Hygienists, Dental Assistants CE Credits. Browse & Register for exclusive CE Courses and Conferences."
Elite Healthcare , True , Provider of dental continuing education courses to maintain professional license.,Elite Continuing Education for Nurses & Healthcare Professionals,https://www.elitelearning.com/dental/,www.elitelearning.com,Elite Healthcare provides dental continuing education courses to maintain your professional license.
DenMat , True ," Dental products, Lab Services, and Education provider offering CE courses for dentists and dental hygienists.","DenMat  - Dental Products, Lab Services, and Education",https://www.denmat.com/education,www.denmat.com,"Dental students of all levels, including dental professionals involved in general dentistry, dental hygiene and public health are invited to partner with DenMat ..."
CDM , True ," College of Dental Medicine The Continuing Education Program at the College of Dental Medicine offers a wide variety of practical, evidence-based continuing education courses for dentists, dental hygienists, and other dental professionals.",College of Dental Medicine,https://www.dental.columbia.edu/education/continuing-education,www.dental.columbia.edu,"The Continuing Education Program at the College of Dental Medicine offers a wide ... Practical, evidence-based continuing education courses for dentists, ..."
Dental Online Training , True , An online platform offering both online and live CE courses as well as mentorship for dental professionals.,Dental Online Training | Hands-on Courses and Mentorship,https://www.dothandson.com/live-dental-ce-courses,www.dothandson.com,5 reasons you should add live dental CE courses to your dental educational portfolio. ... Dentists have many alternatives to continue to learn and Dental Online ...
DOCS Education , True ," DOCS Education is a trusted source of CE for dentists, offering the best training options in sedation dentistry & advanced dental courses.",#1 In Sedation and Advanced Dental Courses | DOCS Education,https://www.docseducation.com/,www.docseducation.com,DOCS Education is a trusted source of continuing education for dentists & offers the best training options in sedation dentistry & advanced dental courses.
Pitt , True ," School of Dental Medicine at The University of Pittsburgh, providing CE courses for dentists and dental hygienists.",Home | School of Dental Medicine,https://www.dental.pitt.edu/education/continuing-education,www.dental.pitt.edu,The University of Pittsburgh is an American Dental Association Continuing Education Recognition Program (ADA CERP) recognized provider. ADA CERP is a service of ...
UMD , True ," University of Maryland School of Dentistry, offering the continuing education course "" ...","University of Maryland School of Dentistry - University of Maryland, Baltimore",https://www.dental.umaryland.edu/ce/course-descriptions/,www.dental.umaryland.edu,"In partnership with the Maryland State Board of Dental Examiners, the University of Maryland School of Dentistry is offering the continuing education course "" ..."
Dentalcare.com , True , Conducting professional dental educational courses to help dentists and hygienists meet CCP requirements.,Dental Care Information for Professionals | Dentalcare.com,https://www.dentalcare.com/en-us/ce-courses,www.dentalcare.com,"dentalcare.com covers all of your professional dental education needs. Developed by leading experts, our free dental education courses are designed to help ..."
Dental CE Academy , True ," Online platform offering free dental continuing education courses and CE certificates for dentists, dental hygienists, and dental assistants.",Free Dental CE Webinars  | Dental CE Academy,https://www.dentalceacademy.com/,www.dentalceacademy.com,"Where can I take free dental continuing education courses and get my CE certificate ... Dental CE Courses for Dentists, Dental Hygienists, Dental Assistants ..."
Dentistry Today , True , Online dental continuing education program offering accurate and science-based courses of clinical relevance.,Home | Dentistry Today CE,https://www.dentalcetoday.com/,www.dentalcetoday.com,"Search all courses. Dentistry Today's Continuing Education (CE) Program aims to provide accurate, science-based information of clinical relevance in a ..."
Hackensack Meridian , True , Healthcare provider offering Continuing Dental Education (CDE) courses for dentists and dental hygienists at Jersey Shore University Medical Center.,Hackensack Meridian Health,https://www.hackensackmeridianhealth.org/en/healthcare-professionals/jsumc/continuing-dental-education,www.hackensackmeridianhealth.org,Welcome to the Jersey Shore University Medical Center Department of Dentistry Continuing Dental Education Program ... Here you can find out information on all of ...
DentalCE , True ," Online Dental Continuing Education Courses providing mandatory courses for licensed dentists, dental hygienists, and dental assistants.",Online Dental Continuing Education Courses | Dental Didactics,https://www.dentaldidacticsce.com/,www.dentaldidacticsce.com,"Mandatory courses are provided for licensed dentists, dental hygienists, and dental assistants. In short, we are a dental ce website that makes online dental ..."
Dental Learning , True , Provider of free CE and online learning for dentists and aspiring dental professionals.,Dental Learning | Continuing Education for the Dental Professional,https://www.dentallearning.net/,www.dentallearning.net,Free CE and online learning created by dental professionals for dentists and aspiring dental professionals.
DLPI , True , Dallas Live Patient Implant Training offers CE courses to dentists and hygienists in Texas.,Dallas Live Patient Implant Training | Live Patient Implant Training in Dallas | Houston CE Training for dentists | San Antonio Live Hands On Implant Training,https://www.dentalcetraining.com/,www.dentalcetraining.com,"We provide ""real-world"" continuing education in the fields of live patient implant training, cosmetic dentistry, implant prosthetics, dental practice management ..."
AACD , True , American Academy of Cosmetic Dentistry provides dental continuing education courses related to cosmetic dentistry and professional development.,American Academy of Cosmetic Dentistry | Dental CE Courses,https://aacd.com/,aacd.com,- What are some must-have dental tools for 2023? - How do I grow my profit margin? - Should my practice focus more on cosmetic dentistry? - Where is the ...
Resources For Health Professionals , True , Provider of free dental CE modules for continuing education of dentists and dental hygienists.,Resources For Health Professionals | Haleon HealthPartner,https://www.haleonhealthpartner.com/en-us/learning-lab/continuing-education/,www.haleonhealthpartner.com,"Free Dental CE Modules. Check out the following webinar and e-book dental continuing education content, proudly sponsored by the Haleon Grants Program."
The Pathway , True ," Tempe, AZ-based company offering dental CE courses for dentists from across the nation.",Continuing Education (CE) Courses for Dentists | The Pathway,https://www.thepathway.com/,www.thepathway.com,"Based in Tempe, AZ, The Pathway focuses on providing dentists from throughout the nation with the dental CE courses they need to stay on the cutting edge of ..."
Perio Care/PerioImplant Chgo IL , True , Periodontist office in Chicago offering various CE courses throughout the year to dentists and dental hygienists to advance their knowledge.,Periodontist Chicago IL - Periodontal Care | Perio Implant Chicago,https://www.perioimplantchicago.com/continuing-education/,www.perioimplantchicago.com,"We sponsor a variety of continuing education courses throughout the year so we ... April 12, 2019, “Digital Workflow For Implant Dentistry: Restorations, ..."
Rondeau Seminars , True ," Offers dental continuing education seminars to dentists, from one day intro courses to full weekend seminars.",Dental Continuing Education | Rondeau Seminars,https://www.rondeauseminars.com/seminars/,www.rondeauseminars.com,"Rondeau Seminars offers dental continuing education seminars to dentists, from one day intro courses to full weekend seminars. Register today."
Scranton Dental , True , Continuing Education provider offering courses on analgesia and serious adverse drug interactions.,Scranton Dental,https://www.scrantondental.org/product-category/ce-courses/,www.scrantondental.org,Course 2: Evidence Based Analgesia for Dental Professionals; and Three Serious Adverse Drug Interactions That Every Dentist Should Know About.
SD BOD , True ," South Dakota Board of Dentistry offers CE courses for dentists, hygienists, and other dental professionals.",Home - South Dakota Board of Dentistry,https://www.sdboardofdentistry.org/continuingEducation/overview.asp,www.sdboardofdentistry.org,"Jun 8, 2023 — Dentists must earn 100 hours of continuing education in every 5-year CE ... A dentist must complete a CPR course that is intended for a ..."
SacDDS , True ," A dental society in Sacramento, California, providing monthly events and programs for area dentists to stay current with the latest in dentistry, including the offering of CE courses.",Sacramento District Dental Society | Sacramento Dentists | Sacramento Dental Events,https://www.sdds.org/continuing-education/courses/,www.sdds.org,"May 24, 2023 — The Sacramento District Dental Society offers monthly programs for Sacramento area dentists to stay up to date on the latest in dentistry ..."
MOD Institute , True ," Transformative Dental CE in Charleston, SC, offering CE courses for dentists and dental hygienists in CAD/CAM dentistry, 3D imaging, 3D printing and milling, implantology and other topics in digital dentistry.","The MOD Institute | Transformative Dental CE in Charleston, SC",https://www.themodinstitute.com/,www.themodinstitute.com,"Explore dental CE courses in CAD/CAM dentistry, 3D imaging, 3 Dprinting and milling, implantology and other topics in digital dentistry."
Nash Inst. , True ," The Nash Institute for Dental Learning with Dr. Ross Nash and Debra Engelhardt-Nash offers hands-on, unique programs for dentists and dental teams.",Continuing Education for Dentists | Dental CE Courses | The Nash Institute,https://www.thenashinstitute.com/,www.thenashinstitute.com,"The Nash Institute for Dental Learning with Dr. Ross Nash and Debra Engelhardt-Nash offers hands-on, unique programs for dentists and dental teams."
UNMC , True , University of Nebraska Medical Center offering CE courses for dentists and dental hygienists.,Home | University of Nebraska Medical Center,https://www.unmc.edu/dentistry/continuinged/courses/index.html,www.unmc.edu,Continuing Education Course Listing. ... UNMC › College of Dentistry › Continuing Education › Continuing Education Courses ... Current Course Listings ...
Hands-On CE LIVE , True ," Provider of online continuing education courses for dentists and dental hygienists, delivered live and interactive.",Hands-On Online Dental CE,https://www.handsonlinelive.com/,www.handsonlinelive.com,"LIVE, Interactive Dental Education Delivered OnLine · Learn online LIVE with the world's best instructors without leaving your office! · Learn on your own ..."
URMC , True ," University of Rochester Medical Center in Rochester, NY, offering CE courses for dentists and dental hygienists.","Welcome to URMC - Rochester, NY - University of Rochester Medical Center",https://www.urmc.rochester.edu/dentistry/education/continuing-education.aspx,www.urmc.rochester.edu,... One Voice AADMD Dental Pre-Conference · Oral Medicine Conference · Teledentistry Conference · Past Events ... Continuing Education. Upcoming Events.
Philips , True , Healthcare and technology company offering CE courses for dentists and dental hygienists.,Philips - United States | Philips,https://www.usa.philips.com/c-m-pe/dental-professionals/resources_and_education/professional-education,www.usa.philips.com,Philips Oral Healthcare continuing education courses ... Philips Oral Healthcare offers online continuing dental education courses on a variety of topics ranging ...
UTHSC , True ," Offers ADA CERP Recognized Provider, providing CE courses for dental professionals.",The University of Tennessee Health Science Center (UTHSC),https://www.uthsc.edu/dentistry/ce/,www.uthsc.edu,"Apr 27, 2023 — The University of Tennessee Health Science Center College of Dentistry- Office of Continuing Dental Education is an ADA CERP Recognized Provider ..."
VSDS , True ," Vermont State Dental Society, offering continuing education programs for all dental professionals in the state of Vermont.",VSDS | Vermont State Dental Society,https://www.vsds.org/meetings-events/continuing-education,www.vsds.org,"The Vermont State Dental Society is Vermont's leading source for continuing education programs. We provide quality opportunities for all dental professionals, ..."
WAHEC , True , Wake Area Health Education Center offering Dentistry CE courses for dentists and dental hygienists.,Wake Area Health Education Center,https://www.wakeahec.org/dentistry.htm,www.wakeahec.org,Dentistry Continuing Education. ... Sponsorship of continuing education courses by the Wake AHEC office does not imply endorsement of a particular ...
WSDA , True , Washington State Dental Association offers continuing dental education courses for dentists and dental hygienists with generous discounts for member dentists.,Washington State Dental Association | The Voice of Dentistry in WA,https://www.wsda.org/continuing-education,www.wsda.org,"WSDA​ offers a variety of continuing dental education opportunities for ... Better yet, member dentists receive generous discounts on ​CE courses."
XCEL SEMINARS , True ," Providing CE courses for dentists and dental hygienists to stay on top of changes, enhancements, and new trends within dentistry.",Continuing Dental Education | XCEL SEMINARS,https://www.xcelseminars.com/,www.xcelseminars.com,"Dentists who want to stay on top of their game need to be on the cutting-edge of the many changes, enhancements, and new trends within dentistry. We provide a ..."
Pacific U , True , University offering a 14-hour continuing education course in anxiety and pain management for dentists and hygienists.,Pacific University,https://www.pacificu.edu/academics/colleges/college-health-professions/school-dental-hygiene-studies/continuing-education,www.pacificu.edu,Nitrous Oxide-Oxygen Sedation for Dentists and Dental Hygienists ... This 14-hour continuing education course provides a study of anxiety and pain management ...
OHG , True , an umbrella company providing a range of dental continuing education courses for Canadian dentists and other oral health professionals.,Home - Oral Health Group,https://www.oralhealthgroup.com/features/trends-in-dental-ce-courses-shed-light-on-industry-divide/,www.oralhealthgroup.com,"Aug 31, 2018 — It's probably no surprise that 71.3 per cent of Canadian dentists* have taken cosmetic/restorative dentistry CE courses in the last two ..."
OklaDenta , True ," The Oklahoma Dental Association which provides Continuing Education courses for dentists, dental hygienists, and dental assistants.",Keeping Dentistry Strong in Oklahoma | Oklahoma Dental Association,https://www.okda.org/events/,www.okda.org,Continuing Education · Need CE? We've got you covered! · Check out our upcoming CE Courses · Are you a Member? · Dental Assistant & Hygiene Courses · JADA Online CE.
OHSU , True , Oregon Health & Science University School of Dentistry offers Continuing Education courses for dentists and dental hygienists.,OHSU | Healing Begins with Discovery,https://www.ohsu.edu/education/continuing-education,www.ohsu.edu,The School of Dentistry has one of the most active continuing dental education programs in the U.S. It offers: 78 one- and two-day courses (many of which ...
Henry Schein , True ," National wholesale distributor of dental and medical supplies, offering dental seminars for continuing education.",Dental Supplies and Medical Supplies - Henry Schein,https://www.henryschein.com/dental-seminar.aspx,www.henryschein.com,"Henry Schein Dental offers dental seminars for continuing education, dental conventions & meetings, and dental business training to help grow your practice!"
Home Study Solutions , True ," Online continuing education provider offering courses that meet the requirements for dental CE for dentists, dental assistants, and dental hygienists.",Home Study Solutions-Your Continuing Education Provider,https://www.homestudysolutions.com/continuing-education-online-classes.asp,www.homestudysolutions.com,"We offer courses which meet the requirements for online dental ce including dentists, dental education dental assistants continuing education dental hygienists ..."
Indian Health Service (IHS) , True , Federal health program dedicated to providing specialized healthcare services to American Indians and Alaska Natives. Offers Continuing Dental Education (CDE) courses to personnel.,Indian Health Service | Indian Health Service (IHS),https://www.ihs.gov/dentalcde/,www.ihs.gov,"This site helps personnel find and request Continuing Dental Education ( CDE ) courses, and manage the CDE process. First-Time Users. Create an IHS web account ..."
IDS | ADA CE , True , Offering multiple Continuing Education courses for dentists and dental hygienists to meet Illinois license requirements.,Illinois Dental Society | American Dental Association,https://www.isds.org/continuing-education,www.isds.org,Continuing Education · Illinois License Requirements · ISDS CE Library · Dental Auxiliary Courses · Opioids · Monthly Webinar Series.
KerrDental , True , Online dental supplies business offering dental courses and hands-on events for general dentists and specialists.,Dental Supplies - Dental Products | KerrDental.com,https://www.kerrdental.com/dental-courses-and-events,www.kerrdental.com,Kerr's dental courses and events: a full schedule of activities designed to meet your ... This one-day hands-on course is designed for general dentists and ...
LMU , True , Lousiana Medical University offering CE courses for dentists and dental hygienists.,Home | LMU,https://www.lmunet.edu/college-of-dental-medicine/continuing-education,www.lmunet.edu,All certification courses have been approved by the Tennessee Board of Dentistry. General CE Course Pricing: $50.00 - Dentist. $25.00 - Hygienist. $25.00 - ...
LSBD , True , Louisiana State Board of Dentistry accepting proof of licensees continuing education submission online through CE Broker.,Louisiana State Board of Dentistry - Home,http://www.lsbd.org/conted.htm,www.lsbd.org,The Louisiana State Board of Dentistry accepts proof of licensees' continuing education submitted online through CE Broker. CE Broker will keep a record of ...
Marquette Univ. , True , Marquette University School of Dentistry offering year-round courses for dental professionals in almost all phases of dentistry.,Marquette University // Be The Difference,https://www.marquette.edu/dentistry/professionals/continuing-education.php,www.marquette.edu,The Marquette University School of Dentistry offers year-round courses for dental professionals in almost all phases of dentistry. Continuing education ...
Midwestern Univ. , True , Institution of higher education offering both CE and refresher courses for dental hygienists and dentists.,Midwestern University - Educating Tomorrow's Healthcare Team,https://www.midwestern.edu/academics/degrees-and-programs/doctor-of-dental-medicine-az/az-continuing-dental-education/continuing-dental-education,www.midwestern.edu,"Courses ; Date, Course ; April 28-30, 2023. Refresher: Local Anesthesia and Nitrous Oxide Analgesia for Licensed Dental Hygienists and Dentists ; May 22, 2023. DEA ..."
MyDentalCE.com , True ," Online CE Dental Courses for OSHA training and license renewal, as well as current and quality courses for dentists.","MyDentalCE.com Home | Dental Online CE for DDS, RDH, DA, Office Staff",https://www.mydentalce.com/,www.mydentalce.com,Online CE Dental Courses for OSHA training and license renewal. ... Current and quality courses for dentists; MyDentalCE.com Customer Service (530) 238-5333 ...
UIC , True ," College of Dentistry at the University of Illinois Chicago, offering CE courses for dentists and dental hygienists.",,https://www.ncdentalboard.org/continuing_education.htm,www.ncdentalboard.org,"Yes, a dentist or dental hygienist who is a full-time faculty member in a dental, dental hygiene or dental assisting school may receive credit (Dentists: 10 hrs ..."
NHTI , True ," New Hampshire Technical Institute, providing CE courses and hands-on patient care experience for dental students.",Site is offline,https://www.nhti.edu/business-training-center/dental-continuing-education/,www.nhti.edu,Medical Management in Public Health Settings; Evidence Based Dentistry; Caries Stabilization. NHTI dental students work on patient.
NCC , True ," A leader in continuing education for professionals in dental teams, providing educational programs and certificates in Dental Teams Continuing Education, Business and Leadership Development, Corporate and Public Safety, Healthcare, BLS/CPR/First Aid, and Career Training.",One of PA's Most Affordable Colleges | NCC,https://www.northampton.edu/business-training-and-leadership-development/healthcare/dental-teams-continuing-education.htm,www.northampton.edu,Dental Teams Continuing Education · Business and Leadership Development · Corporate and Public Safety · Healthcare · BLS/CPR/First Aid · Career Training ...
NYSDA , True ," New York State Dental's Continuing Education (CE) Registry offers CE courses for all dentists, licensed dentists, and those in their first year of practice, as well as Dental Anesthesia and Responsible Opioid Prescribing coursework.",New York State Dental | American Dental Association,https://www.nysdental.org/member-center/ce,www.nysdental.org,The NYSDA Continuing Education (CE) Registry · New Dentists in First Year of Practice · Licensed Dentists · Dental Anesthesia and Sedation · Responsible Opioid ...
HHOHP , True ," Home HIV Oral Health Preceptorships offers CE courses for dentists, dental hygienists and primary care clinicians in New York and New Jersey.",Home,https://www.nysdentalfoundation.org/online-ce.html,www.nysdentalfoundation.org,"HIV Oral Health Preceptorships are available for dentists, dental hygienists and primary care clinicians in New York and New Jersey. These programs are ..."
MDS , True , The Massachusetts Dental Society (MDS) sometimes offers continuing education webinars for members and their staff.,MDS Members | Massachusetts Dental Society,https://www.massdental.org/Learning,www.massdental.org,Online Learning: CE ... The Massachusetts Dental Society (MDS) sometimes offers continuing education webinars for our members and their staff to help them fulfill ...
CareQuest , True ," CareQuest Institute for Oral Health provides CE courses for dental and medical professionals, students, and community partners.",CareQuest Institute for Oral Health,https://www.carequest.org/education,www.carequest.org,"We educate dental and medical professionals, students, and community partners who are committed to attaining the knowledge and skills required to improve their ..."
College of DuPage , True , Community college offering CE courses for dental assistants and dental hygienists.,College of DuPage | College of DuPage,https://www.cod.edu/academics/continuing-education/career-professional-training/health-wellness/dental/dental-continuing-education.aspx,www.cod.edu,Dental Assistant: Coronal Polish and Fissure Sealant Course Dental Hygiene: Four-Day Local Anesthesia Clinical Course.
UIC , True , University of Illinois Chicago College of Dentistry offering CE courses for dentists and dental hygienists.,Homepage | Dentistry,https://dentistry.howard.edu/education/continuing-education,dentistry.howard.edu,"Continuing Education | Other ... The College of Dentistry offers this program to dentists, dental hygienists, and dental assistants in an effort to assist them in ..."
LLU , True , Loma Linda University School of Dentistry offering CE courses for oral health professionals.,School of Dentistry | Loma Linda University,https://dentistry.llu.edu/continuing-education/lecture-courses,dentistry.llu.edu,"Welcome to Loma Linda University School of Dentistry Continuing Education. We are pleased to offer our programs to all oral health professionals, ..."
MUSC , True , The James B. Edwards College of Dental Medicine at the Medical University of South Carolina Edwards College of Dental Medicine offers continuing education courses for practicing dentists and oral health care team members.,The James B. Edwards College of Dental Medicine | MUSC,https://dentistry.musc.edu/students-and-admissions/ces,dentistry.musc.edu,Edwards College of Dental Medicine offers continuing education courses designed to provide practicing dentists and oral health care team members with both ...
OSU College of Dentistry , True ," Offering CE courses for dentists and dental hygienists, with a total of 16 hours required for each beginning April 2023.",OSU College of Dentistry,https://dentistry.osu.edu/sterilization-monitoring-service/sms-continuing-education,dentistry.osu.edu,"Effective April 2023*, the total CE hours required by the OSDB has been reduced for dentists and hygienists. Earn 16 of 30 required credits as a dentist and 16 ..."
OU College of Dentistry , True , Oklahoma University College of Dentistry providing CE courses for dental professionals.,OU College of Dentistry > Home,https://dentistry.ouhsc.edu/CE,dentistry.ouhsc.edu,The OU College of Dentistry provides classroom and clinical space for several of the Oklahoma Dental Foundation's continuing education courses for dental ...
SBU SDM , True , School of Dental Medicine at Stony Brook University providing continuing education courses for dentists and dental professionals.,Welcome to the School of Dental Medicine | Stony Brook University School of Dental Medicine,https://dentistry.stonybrookmedicine.edu/coned,dentistry.stonybrookmedicine.edu,"Continuing Education · to maintain and improve clinical competency of dentists and dental professionals and thereby patient care; · to deliver contemporary, ..."
Texas A&M School of Dentistry , True , College offering CE courses for dentists and dental hygienists provided by faculty.,Texas A&M School of Dentistry,https://dentistry.tamu.edu/ce/index.html,dentistry.tamu.edu,"Lectures, seminars and electronic distance learning about topics of current interest to dentists and dental auxiliaries are taught by dental school faculty and ..."
UCLA Dentistry , True , Academic division of University of California at Los Angeles offering on-demand self study courses to meet the mandatory continuing education requirements set by California Dental Board.,Home | UCLA Dentistry,https://dentistry.ucla.edu/course/2414,dentistry.ucla.edu,"Jan 1, 2023 — California Dental Board Mandatory CE Courses - (On-Demand Self Study) · Schedule II Opioids • CA Dental Practice Act • CA Infection Control."
UIowa , True , University of Iowa College of Dentistry and Dental Clinics offers a wide range of continuing education courses for dentists to fulfill professional requirements.,College of Dentistry and Dental Clinics | The University of Iowa,https://dentistry.uiowa.edu/ce,dentistry.uiowa.edu,The University of Iowa College of Dentistry and Dental Clinics offers a wide range of continuing education courses for dentists to fulfill professional ...
Continuing Education , True , Professional growth opportunities and quality lifelong learning educational opportunities for dentists and dental hygienists.,,https://dentistry.uky.edu/continuing-education,dentistry.uky.edu,"Feb 10, 2023 — Our mission is to provide professional growth opportunities and quality lifelong learning educational opportunities for dentists, dental ..."
UMKC , True , Dental school at the University of Missouri-Kansas City offering CE courses for dentists and dental hygienists.,School of Dentistry,https://dentistry.umkc.edu/continuing-education/,dentistry.umkc.edu,Our Continuing Education programs are designed to meet the educational needs of working dental hygienists and dentists. UMKC School of Dentistry is a partner ...
Adams School of Dentistry , True , UNC-Chapel Hill Adams School of Dentistry offers continuing education courses for dentists and dental hygienists.,Home - Adams School of Dentistry : Adams School of Dentistry,https://dentistry.unc.edu/ce/,dentistry.unc.edu,This continuing education program is presented by the UNC-Chapel Hill Adams School of Dentistry and the Continuing Dental Education program. The Continuing ...
WVU , True ," West Virginia University Professional continuing education opportunities for dentists, dental hygienists and auxiliary personnel through the state.",Home | School of Dentistry | West Virginia University,https://dentistry.wvu.edu/continuing-education/,dentistry.wvu.edu,"Professional continuing education opportunities are provided for dentists, dental hygienists and auxiliary personnel throughout the state to continually ..."
DimDH , True , Magazine for registered dental hygienists offering CE courses to help patients with advanced treatments.,Dimensions of Dental Hygiene Magazine for Registered Dental Hygienists,https://dimensionsofdentalhygiene.com/ce/ce-courses/,dimensionsofdentalhygiene.com,Help Your Patients Achieve a Beautiful Smile · Treating Patients With Postural Orthostatic Tachycardia Syndrome · Expanding Applications for Dental Implants.
DSPS , True ," Continuing education provider for dental professionals, offering courses in topics such as dental anatomy, clinical skills, and ethics.",DSPS                                       Home,https://dsps.wi.gov/Pages/Professions/Dentist/CE.aspx,dsps.wi.gov,"Dentist Continuing Education – New Requirement ... CE courses must be sponsored or recognized by local, state, regional, national, or international dental ..."
Glidewell , True ," Dental laboratory offering products, services and continuing education courses for dental professionals.","Glidewell - Dental Lab Services, Products & Dental CE",https://glidewelldental.com/education/courses/online-courses,glidewelldental.com,"The dental industry is changing fast. The expansion of DSOs, penetration of PPOs, oversupply of dentists in the United States, decreased demand for dental ..."
Glidewell Direct , True ," Buy dental lab products, equipment, and provide dental professionals impactful, modern implant and restorative dentistry courses.",Glidewell Direct - Buy Dental Lab Products - Buy Dental Equipment,https://glidewelldirect.com/collections/education,glidewelldirect.com,"Glidewell Clinical Education provides dental professionals with impactful, ... modern implant and restorative dentistry, with hands-on courses and in-depth ..."
CMEList , True ," Provider of online, conferences, and board review CE courses to fulfill Continuing Education credits for dentists and dental hygienists.","Online CME, Conferences, & Board Review Courses - CMEList",https://www.cmelist.com/dentistry-cme/,www.cmelist.com,"Dec 15, 2018 — Are you a busy Dentist needing to fulfill your continuing education credits? Then check out our online Dentistry CE courses."
IUPUI , True ," Indiana University School of Dentistry: IUPUI In the Office of Continuing Education, providing CE courses for dentists and allied dental professionals.",Indiana University School of Dentistry: IUPUI,https://dentistry.iu.edu/continuing-education/ce_courses/index.html,dentistry.iu.edu,In the Office of Continuing Education we offer a variety of professional education opportunities for dentists and allied dental professionals to expand their ...
Today's RDH , True ," Dental CE Courses Quality, peer-reviewed, CE courses for dental hygienists and other dental professionals. All courses are available to take any time, on-demand.",Today's RDH Dental CE Courses | Today's RDH Dental CE Courses,https://dentalce.todaysrdh.com/,dentalce.todaysrdh.com,"Quality, peer-reviewed, CE courses for dental hygienists and other dental professionals. All courses are available to take any time, on-demand."
Harvard Dental , True ," Harvard School of Dental Medicine Webinar via Zoom. Register for course. Speaker: Dr. Laura Dempster Professor in Dental Education Research University of Toronto, Faculty of Dentistry.",Harvard School of Dental Medicine,https://hsdm.harvard.edu/news-and-events/continuing-education,hsdm.harvard.edu,"Webinar via Zoom. Register for course. Speaker: Dr. Laura Dempster Professor in Dental Education Research University of Toronto, Faculty of Dentistry."
DACE , True , Dental Academy of Continuing Education offering CE courses for dentists and dental hygienists to aid in the global recognition of coronary vasospasm and safe patient treatments.,Dental Academy of Continuing Education,https://dentalacademyofce.com/,dentalacademyofce.com,Knowledge expansion of dentists and dental hygienists for patients with coronary vasospasm is crucial in globally recognizing this condition and safely treating ...
AEI , True ," Continuing Education Courses for Medical, Legal & Dental Courses & Schedules.","AEI - Continuing Education Courses for Medical, Legal & Dental",https://aeiseminars.com/,aeiseminars.com,Courses & Schedules ... Select either The Medical-Dental-Legal Update or The Dental Update and decide whether you would like to attend Monday-Friday or Thursday- ...
BDG Think Tank , True ," Las Vegas, NV based dental CE company offering Soft Tissue Surgery Course with Dr. Ricardo Kern and Lateralization & Transposition with Dr. Pedro Barreiros.","BDG Think Tank | Dental CE Courses in Las Vegas, NV – BDGThinkTank",https://bdgthinktank.com/,bdgthinktank.com,"Dental CE Courses ; Soft Tissue Surgery Course with Dr. Ricardo Kern · $4,750.00 ; Lateralization & Transposition with Dr. Pedro Barreiros · $8,499.00 ; Take this ..."
Heartland Dental , True ," US based dental support organization offering services and CE courses to supported dentists, enabling them to become leaders in their markets.",Heartland Dental Blog,https://blog.heartland.com/heartland-dental-continuing-education-classes,blog.heartland.com,This program helps supported dentists of all experience levels become the definitive dental leaders in their respective marketplaces. The DMP consists of ...
CDAA , True , California Dental Assistants Association offering CE courses designed specifically for dental assistants.,California Dental Assistants Association – CDAA,https://cdaaweb.org/continuing-education/,cdaaweb.org,"Welcome to our CE courses, which are designed specifically for dental assistants – to help you learn, grow and become more valuable!"
Rutgers Dental | , True , Rutgers School of Dental Medicine offering CE courses for dentists and hygienists in New Jersey.,Continuing Dental Education | Rutgers School of Dental Medicine,https://cde.sdm.rutgers.edu/,cde.sdm.rutgers.edu,"The New Jersey Board of Dentistry requires, for every license renewal period, 40 hours of continuing education for licensed dentists in NJ. This 40 hours now ..."
CDEWorld , True ," CDEWorld offers continuing education opportunities for dental professionals such as dentists, dental hygienists, dental assistants, and lab technicians.",Home of Continuing Education for Dental | CDEWorld,https://cdeworld.com/,cdeworld.com,CDEWorld Continuing Dental Education Logo. CDEWorld Continuing Dental Education Mobile Logo. Courses ▷ · Dentist · Hygienist · Dental Assistant · Lab Tech.
UF , True ," University of Florida College of Dentistry, offering various CE courses for dentists and dental hygienists.",Continuing Dental Education » College of Dentistry » University of Florida,https://ce.dental.ufl.edu/courses/,ce.dental.ufl.edu,"Advanced Certifications & Practice Management · Dental Assistant & Hygienist · Endodontics · Football Championship CE Series · Implant Dentistry · Live Webinars, ..."
Mayo Clinic SCPD , True , Mayo Clinic School of Continuous Professional Development offering CE courses for dentists and dental hygenists.,Mayo Clinic School of Continuous Professional Development,https://ce.mayo.edu/dental-specialties/group/dental-specialties,ce.mayo.edu,"Mayo Clinic offers engaging and diverse dental specialties continuing medical education (CME) that includes live courses and conferences, podcasts, ..."
 Clinical Mastery Series , True ," Clinical Mastery Series provides dental CME courses, workshops, and retreats, helping dental professionals stay up-to-date and improve their craft.",Dental Continuing Education | Clinical Mastery Series,https://clinicalmastery.com/,clinicalmastery.com,"Dental Continuing Education ... Not Sure Where to Start? Explore Clinical Mastery Series' Courses, Workshops, & Retreats! ... U01: Mastering Functional Dentistry."
CMDA , True , Christian Medical & Dental Associations dedicated to providing continuing education courses for dentists and dental hygienists.,Home – Christian Medical & Dental Associations® (CMDA),https://cmda.org/continuing-education/,cmda.org,The Christian Medical & Dental Associations is designated as an Approved PACE Program Provider by the Academy of General Dentistry. The formal continuing ...
DAOC , True ," A Dental Assistant School in Chicago providing Continuing Education courses such as Coronal polishing, Dental X-rays, and Intra Oral Imaging.",Dental Assistant School In Chicago - DAOC: Dental Assistant Training,https://daoc.edu/continuing-education/,daoc.edu,Continuing Education Courses. Register Online Now ... Coronal polishing CE course ... Dental Xrays and Intra Oral Imaging.
UB School of Dental Medicine , True ," University at Buffalo School of Dental Medicine, offering high-quality Continuing Dental Education (CDE) programs to meet professionals' needs.",School of Dental Medicine - School of Dental Medicine - University at Buffalo,https://dental.buffalo.edu/education/continuing-education.html,dental.buffalo.edu,"... Education (CDE) from the UB School of Dental Medicine. Here, you will find high-quality programs to meet your professional needs. View Complete Course ..."
CDM NSU , True ," College of Dental Medicine at Nova Southeastern University offers CE courses for the Health Care Team, dentists, and dental hygienists.",College of Dental Medicine | Nova Southeastern University,https://dental.nova.edu/ce/courses/index.html,dental.nova.edu,"Please note, Health Care Team category is designated for non-dentists working in a dental office or dental industry. View CE Courses."
NYUCD , True , NYU College of Dentistry provides CE courses for lifelong learners in the oral health professions.,NYU College of Dentistry,https://dental.nyu.edu/ce.html,dental.nyu.edu,Continuing Dental Education ... NYU Dentistry provides many opportunities for lifelong learners in the oral health professions to improve clinical and ...
 Arthur A. Dugoni SOD | Pacific , True , University of the Pacific's Arthur A. Dugoni School of Dentistry offers Continuing Education (CE) courses for dentists and dental hygienists.,Arthur A. Dugoni School of Dentistry | University of the Pacific,https://dental.pacific.edu/dental/continuing-education,dental.pacific.edu,Learning is a lifelong journey that continues after graduation from dental school. Our goal at the Arthur A. Dugoni School of Dentistry is to provide you ...
Touro CDM , True ," Touro College of Dental Medicine, a division of Touro University offering CE courses for dentists and dental hygienists.",Touro College of Dental Medicine | Touro University,https://dental.touro.edu/continuing-education/,dental.touro.edu,"Continuing Education - Touro College of Dental Medicine, a division of Touro ... We also offer hands-on courses involving clinical simulation and ..."
UDM , True , University of Detroit Mercy School of Dentistry offering CE courses for dentists and dental hygienists.,School of Dentistry | University of Detroit Mercy,https://dental.udmercy.edu/ce/index.php,dental.udmercy.edu,"The Institute for Advanced Continuing Dental Education at the University of Detroit Mercy School of Dentistry offers quality evidence-based, clinically relevant ..."
UNM Health Sciences Center , True ," Department committed to providing CDE for dental hygienists, dentists, technicians, and assistants.",UNM Health Sciences Center,https://hsc.unm.edu/medicine/departments/dental-medicine/continuing-dental-education/,hsc.unm.edu,"The department is committed to providing continuing dental education (CDE) to practicing dental hygienists, dentists, dental technicians and dental assistants ..."
College of Health Professions , True ," Online course providing the required CE credits for dental care professionals, always open and available.",College of Health Professions,https://healthprofessions.uams.edu/programs/dentalhygiene/dental-hygiene-ce-courses/,healthprofessions.uams.edu,Completion fulfills the required continuing education credits for dental health care workers. Course is fully on-line and always open. Note: Course opens 1/15/ ...
igniteDDS , True , Online dental CE provider offering international courses to support ongoing development and growth of dental professionals.,Dental Community & Continuing Education for Practice Growth | igniteDDS,https://ignitedds.com/2021/10/dental-continuing-education-10-websites-where-dentists-can-earn-free-ce/,ignitedds.com,Dental Continuing Education: 10 Websites Where Dentists Can Earn Free CE · 1. Academy of General Dentistry · 2. Benco Dental · 3. Colgate Oral Health Network · 4.
DCE , True ," DCE provides dental CE courses, supplies, and patient care 2-day/weekend courses for dentists and dental hygienists.","Dental Continuing Education Courses, Supplies, and Patient Care",https://stevensondentalsolutions.com/product-category/dental-courses/dental-ce-hands-on-courses/,stevensondentalsolutions.com,2-Day/Weekend Courses: These are our most frequent dental CE hands-on courses for dentists. We often hold these classes throughout the weekend to avoid ...
Dawson Academy , True ," Provider of continuing education courses for dentists and dental hygienists, specializing in a programmed approach to diagnosing and treatment planning.","Dental Continuing Education, Online Dental CE | Dawson Academy",https://thedawsonacademy.com/event/treatment-planning-29/,thedawsonacademy.com,This dental ce course in November 2019 provides a programmed approach to predictably diagnose and treatment plan both simple to extremely difficult cases.
Transcend Dental Education , True ," Online dental CE courses and digital dentistry training company, offering advanced learning with live-patient procedures.",Online Dental CE Courses | Digital Dentistry Training | Transcend Dental Education,https://transcendde.com/,transcendde.com,transcend dental education Learning Elevated Learn digital dentistry in a real-world clinical setting with live-patient procedures. We offer the most advanced ...
UC Blue Ash College , True , University of Cincinnati college offering CE courses for dental hygienists and dentists.,UC Blue Ash College | University of Cincinnati,https://ucblueash.edu/academics/majors/health-care/dental-hygiene/continuing-education-courses.html,ucblueash.edu,This course has been designed for both dental hygienists and dentists to learn about and experience hands on biofilm removal using low abrasive powder air ...
DW2023 , True , Online CE courses offered by Viva Learning Free Live Dental CE Webinars.,Dental Webinars 2023 - Free Online CE Courses | Viva Learning,https://vivalearning.com/,vivalearning.com,Free Live Dental CE Webinars. Showing Next 3 Upcoming · One-Visit Solutions: CAD/CAM Indirect Hybrid Blocks ; On-Demand CE Webinars. Showing 3 Newest · OSHA and ...
EventRsvp ADA CERP , True , Service of the American Dental Association offering continuing dental education courses for dentists and other dental practitioners.,EventRsvp,https://web.cvent.com/event/6d2620a1-832e-4a24-97c8-3a162e1fee03,web.cvent.com,ADA CERP is a service of the American Dental Association to assist dental professionals in identifying quality providers of continuing dental education. ADA ...
WLA Dental , True ," Offers CE courses for dentists and dental hygienists, providing information on infection control, OSHA, California Dental Practice Act, ethics, and more.",WLA Dental | WLADS Dental,https://westernlads.org/product-category/ce-course/,westernlads.org,CE Course. Showing all 5 results ... Dental Infection Control / OSHA & California Dental Practice Act and Ethics ... New Dentist & Student Roundtable.
3M℠ Health Care Academy , True ," An online platform offering dental on-demand continuing education (CE) courses for dentists and dental hygienists, requiring a log in.",,https://www.3m.com/3M/en_US/dental-us/education/,www.3m.com,Dental On-Demand Continuing Education (CE) Courses are offered via 3M℠ Health Care Academy online platform and require a log in. If this is your first time ...
A-dec , True ," Leading provider of innovative dental products, services, and continuing education courses for dentists and hygienists.",,https://www.a-dec.com/education,www.a-dec.com,A-dec dental continuing education provides online and in-person CE courses for dentists and dental staff. Learn more about our current class offerings below.
ContinuingEdCourses.com , True ," Online provider of continuing education (CE) courses for dentists, dental hygienists, and dental assistants.","Live, real-time, interactive, accredited dental CE webinars – participate in live courses online",https://www.aces4ce.com/illinois-online-ce-dental-webcast-dental-continuing-education-courses/,www.aces4ce.com,"Dentists, hygienists and RDAs - keeping up with state-mandated Illinois dental continuing education requirements is more convenient and affordable than ever ..."
ADA , True ," Home of the American Dental Association, providing cutting-edge CE courses for dentists and dental hygienists.",Home | American Dental Association,https://www.ada.org/en/education/continuing-education,www.ada.org,"The ADA provides cutting-edge, unique continuing education courses (CE courses) that help help dentists improve care, grow their practices, meet licensure ..."
ADSA |  , True , Professional organization providing CE courses for members involved in dental anesthesiology and sedation.,ADSA |  American Dental Society of Anesthesiology,https://www.adsahome.org/chicago-minmod,www.adsahome.org,The American Dental Society of Anesthesiology (ADSA) established the College of Sedation in Dentistry in 2001 to provide for recognition of ADSA members who ...
AGD , True ," Academy of General Dentistry From quality education to the only achievement-based awards in general dentistry, AGD ensures its members stay on top of the latest trends, information, and continuing education courses.",Academy of General Dentistry,https://www.agd.org/my-agd/benefits/continuing-education,www.agd.org,"From quality education to the only achievement-based awards in general dentistry, AGD ensure our members stay on top of the latest trends, information."
Arrowhead Dental Laboratory , True ," Arrowhead Dental Laboratory in Utah, offering dental continuing education courses for dentists and dental hygienists.",Dental Lab in Utah - Arrowhead Dental Laboratory,https://www.arrowheaddental.com/education/new-dentist-ce-plan/,www.arrowheaddental.com,New Dentist CE Plan · Dental Continuing Education Courses for New Dentists · Includes 4 Essential Courses ...
AU DCG , True ," Augusta University College of Dental Medicine Continuing Education Course Offerings, offering ADA CERP approved CE courses for dentists and dental hygienists.",Augusta University,https://www.augusta.edu/dentalmedicine/cde/,www.augusta.edu,DCG CE Course Offerings ... ADA CERP is a service of the American Dental Association to assist dental professionals in identifying quality providers of ...
Arizona Dental Association , True ," Nonprofit membership organization representing Arizona's dentists, dedicated to improving the oral health of all Arizonans. Offers CE courses and promotes compliance with ADA and state mandated continuing dental education requirements.",Arizona Dental Association | American Dental Association,https://www.azda.org/ce-events/ce-requirements,www.azda.org,Dentist CE requirements in Arizona? ... Dentists and dental consultants shall complete 63 hours of recognized continuing dental education in each renewal period ...
GSDM , True ," Boston University Goldman School of Dental Medicine, offering CE courses for dentists and dental personnel.",Homepage | Boston University,https://www.bu.edu/dental/ce/courses/,www.bu.edu,"May 13, 2023, Laser Dentistry from A to Z: An American Board of Laser ... Radiology Certification for Dental Auxiliaries ... GSDM Continuing Education"
ADI , True , Educational provider in Nevada offering CE courses for dentists and related oral health care providers.,"Advanced Dental Institute - Dental CE Courses - Henderson, NV",https://advanceddentalce.org/,advanceddentalce.org,"Advanced Dental Institute will provide the highest quality, clinically relevant courses for dentists and related oral health care providers. These courses will ..."
CCD , True , Community College of Denver offering CE courses for dentists and dental hygienists.,Community College of Denver,https://www.ccd.edu/program/dental-hygiene-center-continuing-education-excellence,www.ccd.edu,We are pleased to offer opportunities for continuing education in the fields of dental hygiene and dentistry! All of our course offerings fulfill the ...
CDA , True ," Non-profit organization providing membership services, educational programs, and advocacy initiatives for California dentists, as well as mandatory CE courses for licensees.",California Dental Association (CDA),https://www.cda.org/Home/Education-and-Events/Ongoing-Education/CE-Requirements,www.cda.org,Mandatory Courses for Licensees · A two-unit course on the responsibilities and requirements of prescribing Schedule II opioids (dentist-only requirement) · A ...
Strupp & Brumm CED , True ," Provider of continuing education courses for dentists, helping dental professionals around the country stay up to date on best practices.",CONTINUING EDUCATION SEMINARS FOR DENTISTS – Strupp and Brumm Continuing Education Seminars For Dentists. Visit Us For Upcoming Seminar Dates and Locations,https://struppbrummseminars.com/dental-ce-courses-florida/,struppbrummseminars.com,"Still, others and their families, have become patients throughout the years. They are truly The Dentists' Dentist! MEET DR. STRUPP."
On-Demand CE , True , On-Demand Continuing Education for Dental Professionals offering free 1-hour webinars on emerging topics.,,https://youngdental.com/continuing-education/on-demand-learning/,youngdental.com,Free on-demand continuing education for dental professionals. 1-hour webinars covering a wide range of emerging topics. Courses updated regularly.
Spear Education , True , Online resources providing continuing education (CE) courses and articles for dentists and dental hygienists.|,Dental Continuing Education Courses |  Online Education | Spear Education,https://online.speareducation.com/,online.speareducation.com,Spear Digest Online resources for dentists who have a passion for learning. New articles provide the latest insights into current issues in dentistry. Message ...
PLS , True ," Professional Learning Services – Quality Education Services for Dental Professionals since 1987, providing ADA CERP Recognized dental continuing education.",Professional Learning Services – Quality Education Services for Dental Professionals since 1987,https://pls.org/,pls.org,PLS is an ADA CERP Recognized Provider of dental continuing education (May 2011 – December 2025). ADA CERP is a service of the American Dental Association to ...
KCSI , True , A comprehensive dental continuing education provider offering online and hands-on courses for general dentists and oral surgeons.,Courses for General Dentists - Koerner Center Oral Surgery Continuing Education,https://koernercenter.com/,koernercenter.com,"Yet, most patients would like their dentist to perform as many procedures as possible “in-house”, especially extractions. KCSI helps dentists quickly gain ..."
Medix Dental IT , True ," Provides dental continuing education courses to audiences around the world, suitable for dentists, orthodontists, oral and maxillofacial surgeons, hygienists and assistants.","IT Systems, Security and Data Privacy | Medix Dental IT",https://medixdental.com/presentations/dental-continuing-education-courses/,medixdental.com,"Medix Dental IT provides dental continuing education courses to audiences around the ... All courses are suitable for a dentist, orthodontist, oral and ..."
Temple University CDE , True , Continuing dental education program offered by the Kornberg School of Dentistry at Temple University.,Home |         Temple University,https://noncredit.temple.edu/cde,noncredit.temple.edu,Continuing Dental Education. To develop and enhance a continuing education program for Temple University Kornberg School of Dentistry consisting of ...
DentalCE , True ," Provider of continuing education courses and other resources for qualified dentists, hygienists and assistants worldwide.  ",,https://ssc.dentalxp.com/courseslandingpage.aspx,ssc.dentalxp.com,"Dental Continuing Education Courses - Dental CE · Hands-On Training with Xpert DentalXP Clinicians · Includes Didactic, Models, Pig Jaws, Cadavers and/or Live ..."
Herman Ostrow School of Dentistry , True , Service of American Dental Association offering Continuing Education Courses for dental professionals.,Herman Ostrow School of Dentistry - Dental CE,https://ostrowce.usc.edu/,ostrowce.usc.edu,ADA CERP is a service of the American Dental Association to assist dental professionals in identifying quality providers of continuing dental education. ADA ...
UIC , True ," College of Dentistry at the University of Illinois Chicago, offering CE courses for dentists and dental hygienists.  2.  CBVT and Beyond ",Homepage,http://padental.org/PDA22/Continuing_Education/Available_CECourses.aspx,padental.org,"Item 1 - 10 of 11 — CBVT and Beyond, Advanced Diagnostic Imaging in Dentistry ... Pitt Continuing Education Courses ... 3 Rivers Dental Conference. Farmington."
CT.GOV , True ," The official Connecticut state website, offering continuing education requirements for dentists.",CT.GOV-Connecticut's Official State Website,https://portal.ct.gov/DPH/Practitioner-Licensing--Investigations/Dentist/Dentist-Continuing-Education-Information,portal.ct.gov,Licensed dentists shall earn a minimum of twenty-five contact hours of qualifying continuing education every two years. One contact hour is a minimum of fifty ...
iHDS , True , An online learning platform dedicated to providing the best possible dental implant CE courses for dental professionals.,Dental Implant Education Courses | Dental CE Courses,https://ihdsce.com/,ihdsce.com,Implant Courses For Dentists ... iHDS is dedicated to providing the best possible dental implant CE courses for professionals who want to extend their knowledge ...
UTHSSA , True ," The University of Texas Health Science Center San Antonio School of Dentistry, offering ongoing CE courses for dental professionals.","Home, Continuing Dental Education, School of Dentistry, UT Health San Antonio",https://smile.uthscsa.edu/findacourse.php,smile.uthscsa.edu,"Upcoming courses ; Opioid Use and Misuse: What Dentists Should Know · August 15, 2023, Ernest B. Luce, DDS ; Responsible Dental Prescriber - Analgesic Prescribing ..."
South Beach Dental Institute , True , Provider of specialized courses such as continuing education to aid dentists and dental hygienists.,,https://sobedental.com/,sobedental.com,"Jun 19, 2023 — As a pivotal source of continuing education in dentistry, we are devoted to providing an array of specialized courses that aid practitioners ..."
UoL , True , University of Louisville School of Dentistry's Office of Continuing Education offering CE courses for dentists and dental hygienists.,University of Louisville,https://louisville.edu/dentistry/cde/office-of-continuing-education,louisville.edu,The University of Louisville School of Dentistry's Office of Continuing Education ... Sponsorship of a dental continuing education course does not imply ...
Homestead Schools , True, Online educational courses and continuing education courses for dental personnel.,Homestead Schools Inc – Online Educational Courses,https://www.homesteadschools.com/dental/,www.homesteadschools.com,Continuing Education Courses for Dental Personnel. Now you can select from a wide assortment of C.E. courses. You study at your own pace at your convenience ...
NCDS , True,North Carolina Dental Society affiliated with the American Dental Association offering CE courses to North Carolina dentists.,North Carolina Dental Society | American Dental Association,https://www.ncdental.org/events/nc-dental-ce,www.ncdental.org,"NC DENTAL CE Portal ... NCDS now offers an online catalog of CE opportunities that includes NCDS' signature course, Professionalism for New Dentists. Click the ..."
DSM Software and Billing 2023 , True,"Providing medical billing services for dentists, software to assist with Dental Sleep Medicine, TMD, and live and online continuing education courses.",Dental Sleep Medicine Software and Medical Billing Service for Dentists,https://niermanpm.com/dental-continuing-education/schedule,niermanpm.com,"2023 CE Courses for. Dental Sleep Medicine, TMD, and Medical Billing for Dentistry. Renowned live & online courses for dentists & team ..."
NYCDS|American Dental Association | False ," Professional society of dentists serving the New York City area, offering resources around dental healthcare and news and publications.",,New York County Dental Society | American Dental Association,https://www.nycdentalsociety.org/events-continuing-education,www.nycdentalsociety.org,What Do Dentists Do? Dental Health FAQs · Oral Health Topics · Find a Dentist · Complaint Resolution Process · News & Publications · Dentists' Quarterly · NYCDS ...
Elite | Dental Hygiene | False , Online training academy offering courses for dental hygienists on Human Trafficking and Preventing Medical Errors in Dentistry.  2. UIC | True ," College of Dentistry at the University of Illinois Chicago, offering CE courses for dentists and dental hygienists.",Elite | Dental Hygiene,http://www.elitedentalhygiene.com/courses/,www.elitedentalhygiene.com,"Buy this course. Human Trafficking for the Dentalcare Provider (Tracking ID ... Preventing Medical Errors in Dentistry (Tracking ID #: 20-735570, 2 CE ..."
Kois Center , False , A nonprofit dental research center providing educational content and services related to dentistry and dental health.,Advancing Dentistry Through Science | Kois Center,https://www.koiscenter.com/courses/,www.koiscenter.com,Do Dental Insurance Benefits Expire? Do Some Dentists Take More Continuing Education Than Others? ... Does Insurance Cover Cosmetic Dentistry? How Much Radiation ...
MDA , False ," Organization based in Maine providing dental support, but not offering CE courses.  2. ADA ",Maine Dental Association | American Dental Association,https://www.medental.org/meetings-events/continuing-education,www.medental.org,Having a dispute with your dentist? Oral Health Info ADA · Dental Health FAQ · Why Should I See A Dentist · What Do Dentists Do · Donated Services · Maine ...
DentalPost and igniteDDS , False ," Online platform connecting job-seeking dental professionals to employers, and offering a comprehensive CE library.",Dental Jobs & Employment All Over The USA | DentalPost,https://www.dentalpost.net/continuing-education/,www.dentalpost.net,Stay on course with DentalPost and igniteDDS University. · Comprehensive CE library: specialized courses for dental professionals · 2+ new courses added monthly ...
Welcome , False ," Online platform providing access to courses, activities, and programs for dental professionals.",Welcome -               Board of Dentistry,https://dentistry.ky.gov/Continuing-Education/Pages/Approved-Courses.aspx,dentistry.ky.gov,"Most continuing education courses associated with a dentist or dental hygienist license do not require pre-approval. For example, the 30 hours of CE ..."
UCSF Fresno ,"  2. True  3. University of California San Francisco Fresno with Dr. Baker, providing Continuing Dental Education courses since 1973.",,UCSF Fresno |,https://fresno.ucsf.edu/continuing-dental-education,fresno.ucsf.edu,"Baker, DDS and has been providing Continuing Dental Education courses since 1973. The goal of this program is to provide dentists, technicians, hygienists, ..."
